id,type,venue,display,zone,layer,w,h,aspect,"at (x,y)",fps,still only,video,still,duration,pad,canvas keys,issues,url
camp-randall/north-board,display,Camp Randall,North Board,,,5760,1440,4:1,"0,0",60,,MP4 · H.264,JPG · RGB · 72 dpi,,,MAIN_FULL DAILY_MAIN_FULL,,https://wisconsincreative.com/board-sizes?v=camp-randall#camp-randall/north-board
camp-randall/north-board/fullscreen-fg,zone,Camp Randall,North Board,Fullscreen-FG,FG,5760,1440,4:1,"0,0",60,,MP4 · H.264,JPG · RGB · 72 dpi,,,,,https://wisconsincreative.com/board-sizes?v=camp-randall#camp-randall/north-board/fullscreen-fg
camp-randall/north-board/fullscreen-bg,zone,Camp Randall,North Board,Fullscreen-BG,BG,5760,1440,4:1,"0,0",60,,MP4 · H.264,JPG · RGB · 72 dpi,,,,,https://wisconsincreative.com/board-sizes?v=camp-randall#camp-randall/north-board/fullscreen-bg
camp-randall/north-board/borders,zone,Camp Randall,North Board,Borders,,5760,1440,4:1,"0,0",60,,MP4 · H.264,JPG · RGB · 72 dpi,,,,,https://wisconsincreative.com/board-sizes?v=camp-randall#camp-randall/north-board/borders
camp-randall/north-board/main-video-fg,zone,Camp Randall,North Board,Main Video-FG,FG,3096,1440,2.15:1,"1332,0",60,,MP4 · H.264,JPG · RGB · 72 dpi,,,MAIN_VIDEO,,https://wisconsincreative.com/board-sizes?v=camp-randall#camp-randall/north-board/main-video-fg
camp-randall/north-board/gip,zone,Camp Randall,North Board,GIP,,3096,155,19.97:1,,60,,MP4 · H.264,JPG · RGB · 72 dpi,,,,tbd: GIP 3096 × 155 is marked “TBD size” in the Board Info sheet and doesn’t appear in the 2024 guide or Colosseum’s list.,https://wisconsincreative.com/board-sizes?v=camp-randall#camp-randall/north-board/gip
camp-randall/north-board/main-video-bg,zone,Camp Randall,North Board,Main Video-BG,BG,3096,1440,2.15:1,"1332,0",60,,MP4 · H.264,JPG · RGB · 72 dpi,,,,,https://wisconsincreative.com/board-sizes?v=camp-randall#camp-randall/north-board/main-video-bg
camp-randall/north-board/frame-left,zone,Camp Randall,North Board,Frame-Left,,1332,1440,1:1.08,"0,0",60,,MP4 · H.264,JPG · RGB · 72 dpi,,20,LEFT_FRAME,,https://wisconsincreative.com/board-sizes?v=camp-randall#camp-randall/north-board/frame-left
camp-randall/north-board/frame-right,zone,Camp Randall,North Board,Frame-Right,,1332,1440,1:1.08,"4428,0",60,,MP4 · H.264,JPG · RGB · 72 dpi,,20,RIGHT_FRAME,,https://wisconsincreative.com/board-sizes?v=camp-randall#camp-randall/north-board/frame-right
camp-randall/north-board/wing-left-fg,zone,Camp Randall,North Board,Wing-Left-FG,FG,612,1440,1:2.35,"0,0",60,,MP4 · H.264,JPG · RGB · 72 dpi,,20,WING_FULL_LEFT,,https://wisconsincreative.com/board-sizes?v=camp-randall#camp-randall/north-board/wing-left-fg
camp-randall/north-board/wing-left-bg,zone,Camp Randall,North Board,Wing-Left-BG,BG,612,1440,1:2.35,"0,0",60,,MP4 · H.264,JPG · RGB · 72 dpi,,20,,,https://wisconsincreative.com/board-sizes?v=camp-randall#camp-randall/north-board/wing-left-bg
camp-randall/north-board/wing-right-fg,zone,Camp Randall,North Board,Wing-Right-FG,FG,612,1440,1:2.35,"5148,0",60,,MP4 · H.264,JPG · RGB · 72 dpi,,20,WING_FULL_RIGHT,,https://wisconsincreative.com/board-sizes?v=camp-randall#camp-randall/north-board/wing-right-fg
camp-randall/north-board/wing-right-bg,zone,Camp Randall,North Board,Wing-Right-BG,BG,612,1440,1:2.35,"5148,0",60,,MP4 · H.264,JPG · RGB · 72 dpi,,20,,,https://wisconsincreative.com/board-sizes?v=camp-randall#camp-randall/north-board/wing-right-bg
camp-randall/north-board/wing-short-left-fg,zone,Camp Randall,North Board,Wing Short-Left-FG,FG,612,1030,1:1.68,"0,0",60,,MP4 · H.264,JPG · RGB · 72 dpi,Exactly 30 s,20,WING_LEFT,,https://wisconsincreative.com/board-sizes?v=camp-randall#camp-randall/north-board/wing-short-left-fg
camp-randall/north-board/wing-short-left-bg,zone,Camp Randall,North Board,Wing Short-Left-BG,BG,612,1030,1:1.68,"0,0",60,,MP4 · H.264,JPG · RGB · 72 dpi,Exactly 30 s,20,,,https://wisconsincreative.com/board-sizes?v=camp-randall#camp-randall/north-board/wing-short-left-bg
camp-randall/north-board/wing-short-right-fg,zone,Camp Randall,North Board,Wing Short-Right-FG,FG,612,1030,1:1.68,"5148,0",60,,MP4 · H.264,JPG · RGB · 72 dpi,Exactly 30 s,20,WING_RIGHT,,https://wisconsincreative.com/board-sizes?v=camp-randall#camp-randall/north-board/wing-short-right-fg
camp-randall/north-board/wing-short-right-bg,zone,Camp Randall,North Board,Wing Short-Right-BG,BG,612,1030,1:1.68,"5148,0",60,,MP4 · H.264,JPG · RGB · 72 dpi,Exactly 30 s,20,,,https://wisconsincreative.com/board-sizes?v=camp-randall#camp-randall/north-board/wing-short-right-bg
camp-randall/north-board/stat-box-left-fg,zone,Camp Randall,North Board,Stat Box-Left-FG,FG,720,612,20:17,"612,828",,yes,MP4 · H.264,JPG · RGB · 72 dpi,,20,STAT_LEFT,,https://wisconsincreative.com/board-sizes?v=camp-randall#camp-randall/north-board/stat-box-left-fg
camp-randall/north-board/stat-box-left-bg,zone,Camp Randall,North Board,Stat Box-Left-BG,BG,720,612,20:17,"612,828",,yes,MP4 · H.264,JPG · RGB · 72 dpi,,20,,,https://wisconsincreative.com/board-sizes?v=camp-randall#camp-randall/north-board/stat-box-left-bg
camp-randall/north-board/stat-box-right-fg,zone,Camp Randall,North Board,Stat Box-Right-FG,FG,720,612,20:17,"4428,828",,yes,MP4 · H.264,JPG · RGB · 72 dpi,,20,STAT_RIGHT,,https://wisconsincreative.com/board-sizes?v=camp-randall#camp-randall/north-board/stat-box-right-fg
camp-randall/north-board/stat-box-right-bg,zone,Camp Randall,North Board,Stat Box-Right-BG,BG,720,612,20:17,"4428,828",,yes,MP4 · H.264,JPG · RGB · 72 dpi,,20,,,https://wisconsincreative.com/board-sizes?v=camp-randall#camp-randall/north-board/stat-box-right-bg
camp-randall/north-board/ad-top-left,zone,Camp Randall,North Board,Ad-Top Left,,612,200,3.06:1,"0,0",,yes,MP4 · H.264,JPG · RGB · 72 dpi,,20,TOP_AD_LEFT,,https://wisconsincreative.com/board-sizes?v=camp-randall#camp-randall/north-board/ad-top-left
camp-randall/north-board/ad-middle-left,zone,Camp Randall,North Board,Ad- Middle Left,,612,830,1:1.36,"0,200",60,,MP4 · H.264,JPG · RGB · 72 dpi,Exactly 30 s,20,MIDDLE_AD_LEFT,,https://wisconsincreative.com/board-sizes?v=camp-randall#camp-randall/north-board/ad-middle-left
camp-randall/north-board/ad-bottom-left,zone,Camp Randall,North Board,Ad-Bottom Left,,612,410,1.49:1,"0,1030",,yes,MP4 · H.264,JPG · RGB · 72 dpi,,20,BOTTOM_AD_LEFT,,https://wisconsincreative.com/board-sizes?v=camp-randall#camp-randall/north-board/ad-bottom-left
camp-randall/north-board/ad-top-right,zone,Camp Randall,North Board,Ad-Top Right,,612,200,3.06:1,"5148,0",,yes,MP4 · H.264,JPG · RGB · 72 dpi,,20,TOP_AD_RIGHT,,https://wisconsincreative.com/board-sizes?v=camp-randall#camp-randall/north-board/ad-top-right
camp-randall/north-board/ad-middle-right,zone,Camp Randall,North Board,Ad-Middle Right,,612,830,1:1.36,"5148,200",60,,MP4 · H.264,JPG · RGB · 72 dpi,Exactly 30 s,20,MIDDLE_AD_RIGHT,,https://wisconsincreative.com/board-sizes?v=camp-randall#camp-randall/north-board/ad-middle-right
camp-randall/north-board/ad-bottom-right,zone,Camp Randall,North Board,Ad-Bottom Right,,612,410,1.49:1,"5148,1030",,yes,MP4 · H.264,JPG · RGB · 72 dpi,,20,BOTTOM_AD_RIGHT,,https://wisconsincreative.com/board-sizes?v=camp-randall#camp-randall/north-board/ad-bottom-right
camp-randall/north-board-hd-feed,display,Camp Randall,North Board HD feed,,,1920,1080,16:9,"0,0",59.94,,MP4 · H.264 · progressive,JPG · RGB · 72 dpi,,,MAIN_HD,,https://wisconsincreative.com/board-sizes?v=camp-randall#camp-randall/north-board-hd-feed
camp-randall/north-board-hd-feed/visible-on-the-board,zone,Camp Randall,North Board HD feed,Visible on the board,,1920,806,2.38:1,"0,94",59.94,,MP4 · H.264 · progressive,JPG · RGB · 72 dpi,,,,,https://wisconsincreative.com/board-sizes?v=camp-randall#camp-randall/north-board-hd-feed/visible-on-the-board
camp-randall/north-board-hd-feed/hd-title-safe-90,zone,Camp Randall,North Board HD feed,HD title safe (90%),,1728,972,16:9,"96,54",59.94,,MP4 · H.264 · progressive,JPG · RGB · 72 dpi,,,,,https://wisconsincreative.com/board-sizes?v=camp-randall#camp-randall/north-board-hd-feed/hd-title-safe-90
camp-randall/club-board,display,Camp Randall,Club Board,,,5760,1080,16:3,"0,0",,,,,,,,,https://wisconsincreative.com/board-sizes?v=camp-randall#camp-randall/club-board
camp-randall/club-board/full-screen,zone,Camp Randall,Club Board,Full Screen,,5760,1080,16:3,"0,0",,,,,,,,,https://wisconsincreative.com/board-sizes?v=camp-randall#camp-randall/club-board/full-screen
camp-randall/club-board/two-thirds-left,zone,Camp Randall,Club Board,Two Thirds Left,,3840,1080,32:9,"0,0",,,,,,,,,https://wisconsincreative.com/board-sizes?v=camp-randall#camp-randall/club-board/two-thirds-left
camp-randall/club-board/two-thirds-right,zone,Camp Randall,Club Board,Two Thirds Right,,3840,1080,32:9,"1920,0",,,,,,,,,https://wisconsincreative.com/board-sizes?v=camp-randall#camp-randall/club-board/two-thirds-right
camp-randall/club-board/1080-right,zone,Camp Randall,Club Board,1080 Right,,1920,1080,16:9,"3840,0",,,,,,,,,https://wisconsincreative.com/board-sizes?v=camp-randall#camp-randall/club-board/1080-right
camp-randall/club-board/1080-center,zone,Camp Randall,Club Board,1080 Center,,1920,1080,16:9,"1920,0",,,,,,,,,https://wisconsincreative.com/board-sizes?v=camp-randall#camp-randall/club-board/1080-center
camp-randall/club-board/1080-left,zone,Camp Randall,Club Board,1080 Left,,1920,1080,16:9,"0,0",,,,,,,,,https://wisconsincreative.com/board-sizes?v=camp-randall#camp-randall/club-board/1080-left
camp-randall/club-board/pillar-right-fg,zone,Camp Randall,Club Board,Pillar Right FG,FG,960,1080,8:9,"3840,0",,,,,,,,,https://wisconsincreative.com/board-sizes?v=camp-randall#camp-randall/club-board/pillar-right-fg
camp-randall/club-board/pillar-right-bg,zone,Camp Randall,Club Board,Pillar Right BG,BG,960,1080,8:9,"3840,0",,,,,,,,,https://wisconsincreative.com/board-sizes?v=camp-randall#camp-randall/club-board/pillar-right-bg
camp-randall/club-board/pillar-left-fg,zone,Camp Randall,Club Board,Pillar Left FG,FG,960,1080,8:9,"960,0",,,,,,,,,https://wisconsincreative.com/board-sizes?v=camp-randall#camp-randall/club-board/pillar-left-fg
camp-randall/club-board/pillar-left-bg,zone,Camp Randall,Club Board,Pillar Left BG,BG,960,1080,8:9,"960,0",,,,,,,,,https://wisconsincreative.com/board-sizes?v=camp-randall#camp-randall/club-board/pillar-left-bg
camp-randall/west-fascia,display,Camp Randall,West Fascia,,,11880,108,110:1,"0,0",60,,MP4 · H.264,JPG · RGB · 72 dpi,,,FASCIA_FULL,,https://wisconsincreative.com/board-sizes?v=camp-randall#camp-randall/west-fascia
camp-randall/west-fascia/fullscreen-west-fg,zone,Camp Randall,West Fascia,Fullscreen-West-FG,FG,11880,108,110:1,"0,0",60,,MP4 · H.264,JPG · RGB · 72 dpi,,,,,https://wisconsincreative.com/board-sizes?v=camp-randall#camp-randall/west-fascia/fullscreen-west-fg
camp-randall/west-fascia/fullscreen-west-bg,zone,Camp Randall,West Fascia,Fullscreen-West-BG,BG,11880,108,110:1,"0,0",60,,MP4 · H.264,JPG · RGB · 72 dpi,,,,,https://wisconsincreative.com/board-sizes?v=camp-randall#camp-randall/west-fascia/fullscreen-west-bg
camp-randall/west-fascia/ad-left-west,zone,Camp Randall,West Fascia,Ad-Left West,,5000,108,46.3:1,"0,0",60,,MP4 · H.264,JPG · RGB · 72 dpi,Exactly 30 s,,FASCIA_AD_LEFT,,https://wisconsincreative.com/board-sizes?v=camp-randall#camp-randall/west-fascia/ad-left-west
camp-randall/west-fascia/gip-west,zone,Camp Randall,West Fascia,GIP-West,,1880,108,17.41:1,"5000,0",60,,MP4 · H.264,JPG · RGB · 72 dpi,,,,,https://wisconsincreative.com/board-sizes?v=camp-randall#camp-randall/west-fascia/gip-west
camp-randall/west-fascia/ad-right-west,zone,Camp Randall,West Fascia,Ad-Right West,,5000,108,46.3:1,"6880,0",60,,MP4 · H.264,JPG · RGB · 72 dpi,Exactly 30 s,,FASCIA_AD_RIGHT,,https://wisconsincreative.com/board-sizes?v=camp-randall#camp-randall/west-fascia/ad-right-west
camp-randall/east-fascia,display,Camp Randall,East Fascia,,,11880,108,110:1,"0,0",60,,MP4 · H.264,JPG · RGB · 72 dpi,,,,,https://wisconsincreative.com/board-sizes?v=camp-randall#camp-randall/east-fascia
camp-randall/east-fascia/fullscreen-east-fg,zone,Camp Randall,East Fascia,Fullscreen-East-FG,FG,11880,108,110:1,"0,0",60,,MP4 · H.264,JPG · RGB · 72 dpi,,,,,https://wisconsincreative.com/board-sizes?v=camp-randall#camp-randall/east-fascia/fullscreen-east-fg
camp-randall/east-fascia/fullscreen-east-bg,zone,Camp Randall,East Fascia,Fullscreen-East-BG,BG,11880,108,110:1,"0,0",60,,MP4 · H.264,JPG · RGB · 72 dpi,,,,,https://wisconsincreative.com/board-sizes?v=camp-randall#camp-randall/east-fascia/fullscreen-east-bg
camp-randall/east-fascia/ad-left-east,zone,Camp Randall,East Fascia,Ad-Left East,,5000,108,46.3:1,"0,0",60,,MP4 · H.264,JPG · RGB · 72 dpi,Exactly 30 s,,,,https://wisconsincreative.com/board-sizes?v=camp-randall#camp-randall/east-fascia/ad-left-east
camp-randall/east-fascia/gip-east,zone,Camp Randall,East Fascia,GIP-East,,1880,108,17.41:1,"5000,0",60,,MP4 · H.264,JPG · RGB · 72 dpi,,,,,https://wisconsincreative.com/board-sizes?v=camp-randall#camp-randall/east-fascia/gip-east
camp-randall/east-fascia/ad-right-east,zone,Camp Randall,East Fascia,Ad-Right East,,5000,108,46.3:1,"6880,0",60,,MP4 · H.264,JPG · RGB · 72 dpi,Exactly 30 s,,,,https://wisconsincreative.com/board-sizes?v=camp-randall#camp-randall/east-fascia/ad-right-east
camp-randall/kellner,display,Camp Randall,Kellner,,,1692,540,3.13:1,"0,0",60,,MP4 · H.264,JPG · RGB · 72 dpi,,,KELLNER,,https://wisconsincreative.com/board-sizes?v=camp-randall#camp-randall/kellner
camp-randall/kellner/fullscreen-fg,zone,Camp Randall,Kellner,Fullscreen-FG,FG,1692,540,3.13:1,"0,0",60,,MP4 · H.264,JPG · RGB · 72 dpi,,,,,https://wisconsincreative.com/board-sizes?v=camp-randall#camp-randall/kellner/fullscreen-fg
camp-randall/kellner/fullscreen-bg,zone,Camp Randall,Kellner,Fullscreen-BG,BG,1692,540,3.13:1,"0,0",60,,MP4 · H.264,JPG · RGB · 72 dpi,,,,,https://wisconsincreative.com/board-sizes?v=camp-randall#camp-randall/kellner/fullscreen-bg
camp-randall/kellner/borders,zone,Camp Randall,Kellner,Borders,,1692,540,3.13:1,"0,0",60,,MP4 · H.264,JPG · RGB · 72 dpi,,,,,https://wisconsincreative.com/board-sizes?v=camp-randall#camp-randall/kellner/borders
camp-randall/kellner/main-video-fg,zone,Camp Randall,Kellner,Main Video-FG,FG,1152,540,32:15,"270,0",60,,MP4 · H.264,JPG · RGB · 72 dpi,,,KELLNER_MAIN,,https://wisconsincreative.com/board-sizes?v=camp-randall#camp-randall/kellner/main-video-fg
camp-randall/kellner/main-video-bg,zone,Camp Randall,Kellner,Main Video-BG,BG,1152,540,32:15,"270,0",60,,MP4 · H.264,JPG · RGB · 72 dpi,,,,,https://wisconsincreative.com/board-sizes?v=camp-randall#camp-randall/kellner/main-video-bg
camp-randall/kellner/wing-left-fg,zone,Camp Randall,Kellner,Wing-Left-FG,FG,270,540,1:2,"0,0",60,,MP4 · H.264,JPG · RGB · 72 dpi,,20,KELLNER_WING_LEFT,,https://wisconsincreative.com/board-sizes?v=camp-randall#camp-randall/kellner/wing-left-fg
camp-randall/kellner/wing-left-bg,zone,Camp Randall,Kellner,Wing-Left-BG,BG,270,540,1:2,"0,0",60,,MP4 · H.264,JPG · RGB · 72 dpi,,20,,,https://wisconsincreative.com/board-sizes?v=camp-randall#camp-randall/kellner/wing-left-bg
camp-randall/kellner/wing-right-fg,zone,Camp Randall,Kellner,Wing-Right-FG,FG,270,540,1:2,"1422,0",60,,MP4 · H.264,JPG · RGB · 72 dpi,,20,KELLNER_WING_RIGHT,,https://wisconsincreative.com/board-sizes?v=camp-randall#camp-randall/kellner/wing-right-fg
camp-randall/kellner/wing-right-bg,zone,Camp Randall,Kellner,Wing-Right-BG,BG,270,540,1:2,"1422,0",60,,MP4 · H.264,JPG · RGB · 72 dpi,,20,,,https://wisconsincreative.com/board-sizes?v=camp-randall#camp-randall/kellner/wing-right-bg
camp-randall/kellner/ad-top-left,zone,Camp Randall,Kellner,Ad-Top Left,,270,270,1:1,"0,0",,yes,MP4 · H.264,JPG · RGB · 72 dpi,,20,KELLNER_AD_1,,https://wisconsincreative.com/board-sizes?v=camp-randall#camp-randall/kellner/ad-top-left
camp-randall/kellner/ad-bottom-left,zone,Camp Randall,Kellner,Ad-Bottom Left,,270,270,1:1,"0,270",,yes,MP4 · H.264,JPG · RGB · 72 dpi,,20,KELLNER_AD_2,,https://wisconsincreative.com/board-sizes?v=camp-randall#camp-randall/kellner/ad-bottom-left
camp-randall/kellner/ad-top-right,zone,Camp Randall,Kellner,Ad-Top Right,,270,270,1:1,"1422,0",,yes,MP4 · H.264,JPG · RGB · 72 dpi,,20,KELLNER_AD_3,,https://wisconsincreative.com/board-sizes?v=camp-randall#camp-randall/kellner/ad-top-right
camp-randall/kellner/ad-bottom-right,zone,Camp Randall,Kellner,Ad-Bottom Right,,270,270,1:1,"1422,270",,yes,MP4 · H.264,JPG · RGB · 72 dpi,,20,KELLNER_AD_4,,https://wisconsincreative.com/board-sizes?v=camp-randall#camp-randall/kellner/ad-bottom-right
camp-randall/south-upper-fascia,display,Camp Randall,South Upper Fascia,,,4275,60,71.25:1,"0,0",60,,MP4 · H.264,JPG · RGB · 72 dpi,,,,,https://wisconsincreative.com/board-sizes?v=camp-randall#camp-randall/south-upper-fascia
camp-randall/south-upper-fascia/fullscreen-left-fg,zone,Camp Randall,South Upper Fascia,Fullscreen-Left-FG,FG,1725,60,28.75:1,"0,0",60,,MP4 · H.264,JPG · RGB · 72 dpi,,,SEZ_UPPER_LEFT,,https://wisconsincreative.com/board-sizes?v=camp-randall#camp-randall/south-upper-fascia/fullscreen-left-fg
camp-randall/south-upper-fascia/fullscreen-left-bg,zone,Camp Randall,South Upper Fascia,Fullscreen-Left-BG,BG,1725,60,28.75:1,"0,0",60,,MP4 · H.264,JPG · RGB · 72 dpi,,,,,https://wisconsincreative.com/board-sizes?v=camp-randall#camp-randall/south-upper-fascia/fullscreen-left-bg
camp-randall/south-upper-fascia/ad-left,zone,Camp Randall,South Upper Fascia,Ad-Left,,1725,60,28.75:1,"0,0",60,,MP4 · H.264,JPG · RGB · 72 dpi,Exactly 30 s,,SEZ_UPPER_AD_LEFT,,https://wisconsincreative.com/board-sizes?v=camp-randall#camp-randall/south-upper-fascia/ad-left
camp-randall/south-upper-fascia/fullscreen-right-fg,zone,Camp Randall,South Upper Fascia,Fullscreen-Right-FG,FG,2550,60,42.5:1,"1725,0",60,,MP4 · H.264,JPG · RGB · 72 dpi,,,SEZ_UPPER_RIGHT,,https://wisconsincreative.com/board-sizes?v=camp-randall#camp-randall/south-upper-fascia/fullscreen-right-fg
camp-randall/south-upper-fascia/fullscreen-right-bg,zone,Camp Randall,South Upper Fascia,Fullscreen-Right-BG,BG,2550,60,42.5:1,"1725,0",60,,MP4 · H.264,JPG · RGB · 72 dpi,,,,,https://wisconsincreative.com/board-sizes?v=camp-randall#camp-randall/south-upper-fascia/fullscreen-right-bg
camp-randall/south-upper-fascia/ad-right,zone,Camp Randall,South Upper Fascia,Ad-Right,,1725,60,28.75:1,"1725,0",60,,MP4 · H.264,JPG · RGB · 72 dpi,Exactly 30 s,,SEZ_UPPER_AD_RIGHT,,https://wisconsincreative.com/board-sizes?v=camp-randall#camp-randall/south-upper-fascia/ad-right
camp-randall/south-upper-fascia/angle,zone,Camp Randall,South Upper Fascia,Angle,,825,60,13.75:1,"3450,0",60,,MP4 · H.264,JPG · RGB · 72 dpi,,,SEZ_UPPER_ANGLE,,https://wisconsincreative.com/board-sizes?v=camp-randall#camp-randall/south-upper-fascia/angle
camp-randall/south-lower-fascia,display,Camp Randall,South Lower Fascia,,,3225,60,53.75:1,"0,0",60,,MP4 · H.264,JPG · RGB · 72 dpi,,,SEZ_LOWER_FULL,,https://wisconsincreative.com/board-sizes?v=camp-randall#camp-randall/south-lower-fascia
camp-randall/south-lower-fascia/fullscreen-fg,zone,Camp Randall,South Lower Fascia,Fullscreen-FG,FG,3225,60,53.75:1,"0,0",60,,MP4 · H.264,JPG · RGB · 72 dpi,,,,,https://wisconsincreative.com/board-sizes?v=camp-randall#camp-randall/south-lower-fascia/fullscreen-fg
camp-randall/south-lower-fascia/fullscreen-bg,zone,Camp Randall,South Lower Fascia,Fullscreen-BG,BG,3225,60,53.75:1,"0,0",60,,MP4 · H.264,JPG · RGB · 72 dpi,,,,,https://wisconsincreative.com/board-sizes?v=camp-randall#camp-randall/south-lower-fascia/fullscreen-bg
camp-randall/south-lower-fascia/ad-left,zone,Camp Randall,South Lower Fascia,Ad-Left,,1300,60,21.67:1,"0,0",60,,MP4 · H.264,JPG · RGB · 72 dpi,Exactly 30 s,,SEZ_LOWER_LEFT,,https://wisconsincreative.com/board-sizes?v=camp-randall#camp-randall/south-lower-fascia/ad-left
camp-randall/south-lower-fascia/gip,zone,Camp Randall,South Lower Fascia,GIP,,625,60,10.42:1,"1300,0",60,,MP4 · H.264,JPG · RGB · 72 dpi,,,,,https://wisconsincreative.com/board-sizes?v=camp-randall#camp-randall/south-lower-fascia/gip
camp-randall/south-lower-fascia/ad-right,zone,Camp Randall,South Lower Fascia,Ad-Right,,1300,60,21.67:1,"1925,0",60,,MP4 · H.264,JPG · RGB · 72 dpi,Exactly 30 s,,SEZ_LOWER_RIGHT,,https://wisconsincreative.com/board-sizes?v=camp-randall#camp-randall/south-lower-fascia/ad-right
camp-randall/section-a,display,Camp Randall,Section A,,,336,264,14:11,"0,0",60,,MP4 · H.264,JPG · RGB · 72 dpi,,,SECTION_A_FULL,,https://wisconsincreative.com/board-sizes?v=camp-randall#camp-randall/section-a
camp-randall/section-a/fullscreen-fg,zone,Camp Randall,Section A,Fullscreen-FG,FG,336,264,14:11,"0,0",60,,MP4 · H.264,JPG · RGB · 72 dpi,,,,,https://wisconsincreative.com/board-sizes?v=camp-randall#camp-randall/section-a/fullscreen-fg
camp-randall/section-a/fullscreen-bg,zone,Camp Randall,Section A,Fullscreen-BG,BG,336,264,14:11,"0,0",60,,MP4 · H.264,JPG · RGB · 72 dpi,,,,,https://wisconsincreative.com/board-sizes?v=camp-randall#camp-randall/section-a/fullscreen-bg
camp-randall/section-a/main-video-fg,zone,Camp Randall,Section A,Main Video-FG,FG,336,184,1.83:1,"0,80",60,,MP4 · H.264,JPG · RGB · 72 dpi,,,SECTION_A_MAIN,,https://wisconsincreative.com/board-sizes?v=camp-randall#camp-randall/section-a/main-video-fg
camp-randall/section-a/main-video-bg,zone,Camp Randall,Section A,Main Video-BG,BG,336,184,1.83:1,"0,80",60,,MP4 · H.264,JPG · RGB · 72 dpi,,,,,https://wisconsincreative.com/board-sizes?v=camp-randall#camp-randall/section-a/main-video-bg
camp-randall/section-a/gip,zone,Camp Randall,Section A,GIP,,336,80,21:5,"0,0",,yes,MP4 · H.264,JPG · RGB · 72 dpi,,,SECTION_A_GIP,,https://wisconsincreative.com/board-sizes?v=camp-randall#camp-randall/section-a/gip
camp-randall/captioning,display,Camp Randall,Captioning,,,600,72,25:3,"0,0",,,,JPG · RGB · 72 dpi,,,CLOSED_CAPTION,,https://wisconsincreative.com/board-sizes?v=camp-randall#camp-randall/captioning
camp-randall/captioning/fullscreen-fg,zone,Camp Randall,Captioning,Fullscreen-FG,FG,600,72,25:3,,,yes,,JPG · RGB · 72 dpi,,,,,https://wisconsincreative.com/board-sizes?v=camp-randall#camp-randall/captioning/fullscreen-fg
camp-randall/captioning/fullscreen-bg,zone,Camp Randall,Captioning,Fullscreen-BG,BG,600,72,25:3,,,yes,,JPG · RGB · 72 dpi,,,,,https://wisconsincreative.com/board-sizes?v=camp-randall#camp-randall/captioning/fullscreen-bg
camp-randall/iptv-full-screen-ad,display,Camp Randall,IPTV Full Screen Ad,,,1920,1080,16:9,"0,0",59.94,,MP4,JPG · RGB · 72 dpi,Exactly 15 s,,IPTV_FULL_SCREEN,,https://wisconsincreative.com/board-sizes?v=camp-randall#camp-randall/iptv-full-screen-ad
camp-randall/iptv-full-screen-ad/title-safe-100-px,zone,Camp Randall,IPTV Full Screen Ad,Title safe (100 px),,1720,880,1.95:1,"100,100",59.94,,MP4,JPG · RGB · 72 dpi,Exactly 15 s,,,,https://wisconsincreative.com/board-sizes?v=camp-randall#camp-randall/iptv-full-screen-ad/title-safe-100-px
camp-randall/iptv-l-wrap,display,Camp Randall,IPTV L-Wrap,,,1920,1080,16:9,"0,0",,,Stills only,PNG with the video area transparent · RGB · 72 dpi,,,IPTV_L_WRAP,,https://wisconsincreative.com/board-sizes?v=camp-randall#camp-randall/iptv-l-wrap
camp-randall/iptv-video-wall-ad,display,Camp Randall,IPTV Video Wall Ad,,,960,1080,8:9,"0,0",,,MOV or MP4 (uncompressed recommended),PNG or JPG · RGB · 72 dpi,Exactly 15 s,,IPTV_VIDEO_WALL_AD,,https://wisconsincreative.com/board-sizes?v=camp-randall#camp-randall/iptv-video-wall-ad
camp-randall/iptv-video-wall-full,display,Camp Randall,IPTV Video Wall Full,,,5760,2160,8:3,"0,0",,,MOV or MP4 (uncompressed recommended),PNG or JPG · RGB · 72 dpi,Exactly 15 s,,IPTV_VIDEO_WALL_FULL,,https://wisconsincreative.com/board-sizes?v=camp-randall#camp-randall/iptv-video-wall-full
kohl-center/centerhung-main,display,Kohl Center,Centerhung Main,,,1104,624,23:13,"0,0",59.94,,,,,,KC_MAIN,conflict: Frame rate differs by source: Colosseum builds at 60 fps; the production After Effects project renders at 59.94. Confirm before final delivery.,https://wisconsincreative.com/board-sizes?v=kohl-center#kohl-center/centerhung-main
kohl-center/centerhung-main/fullscreen-fg,zone,Kohl Center,Centerhung Main,Fullscreen-FG,FG,1104,624,23:13,,,,,,,,,conflict: Frame rate differs by source: Colosseum builds at 60 fps; the production After Effects project renders at 59.94. Confirm before final delivery.,https://wisconsincreative.com/board-sizes?v=kohl-center#kohl-center/centerhung-main/fullscreen-fg
kohl-center/centerhung-main/fullscreen-bg,zone,Kohl Center,Centerhung Main,Fullscreen-BG,BG,1104,624,23:13,,,,,,,,,conflict: Frame rate differs by source: Colosseum builds at 60 fps; the production After Effects project renders at 59.94. Confirm before final delivery.,https://wisconsincreative.com/board-sizes?v=kohl-center#kohl-center/centerhung-main/fullscreen-bg
kohl-center/centerhung-main/sdi-a,zone,Kohl Center,Centerhung Main,SDI-A,,1104,624,23:13,,,,,,,,,conflict: Frame rate differs by source: Colosseum builds at 60 fps; the production After Effects project renders at 59.94. Confirm before final delivery.,https://wisconsincreative.com/board-sizes?v=kohl-center#kohl-center/centerhung-main/sdi-a
kohl-center/centerhung-main/sdi-b,zone,Kohl Center,Centerhung Main,SDI-B,,1104,624,23:13,,,,,,,,,conflict: Frame rate differs by source: Colosseum builds at 60 fps; the production After Effects project renders at 59.94. Confirm before final delivery.,https://wisconsincreative.com/board-sizes?v=kohl-center#kohl-center/centerhung-main/sdi-b
kohl-center/main-16-9-feed,display,Kohl Center,Main 16:9 feed,,,1920,1080,16:9,"0,0",,,,,,,,unconfirmed: Only in Colosseum’s list; not in the Board Info sheet. Confirm with the Kohl Center video board team before building for it. / conflict: Frame rate differs by source: Colosseum builds at 60 fps; the production After Effects project renders at 59.94. Confirm before final delivery.,https://wisconsincreative.com/board-sizes?v=kohl-center#kohl-center/main-16-9-feed
kohl-center/centerhung-top-ring,display,Kohl Center,Centerhung Top Ring,,,5184,240,21.6:1,"0,0",59.94,,,,,,KC_TOP_RING,conflict: Frame rate differs by source: Colosseum builds at 60 fps; the production After Effects project renders at 59.94. Confirm before final delivery.,https://wisconsincreative.com/board-sizes?v=kohl-center#kohl-center/centerhung-top-ring
kohl-center/centerhung-top-ring/fullscreen-fg,zone,Kohl Center,Centerhung Top Ring,Fullscreen-FG,FG,5184,240,21.6:1,,,,,,,,,conflict: Frame rate differs by source: Colosseum builds at 60 fps; the production After Effects project renders at 59.94. Confirm before final delivery.,https://wisconsincreative.com/board-sizes?v=kohl-center#kohl-center/centerhung-top-ring/fullscreen-fg
kohl-center/centerhung-top-ring/fullscreen-bg,zone,Kohl Center,Centerhung Top Ring,Fullscreen-BG,BG,5184,240,21.6:1,,,,,,,,,conflict: Frame rate differs by source: Colosseum builds at 60 fps; the production After Effects project renders at 59.94. Confirm before final delivery.,https://wisconsincreative.com/board-sizes?v=kohl-center#kohl-center/centerhung-top-ring/fullscreen-bg
kohl-center/centerhung-top-ring/sponsor-north-fg,zone,Kohl Center,Centerhung Top Ring,Sponsor-North-FG,FG,1056,72,14.67:1,,,,,,,,,conflict: Frame rate differs by source: Colosseum builds at 60 fps; the production After Effects project renders at 59.94. Confirm before final delivery.,https://wisconsincreative.com/board-sizes?v=kohl-center#kohl-center/centerhung-top-ring/sponsor-north-fg
kohl-center/centerhung-top-ring/sponsor-north-bg,zone,Kohl Center,Centerhung Top Ring,Sponsor-North-BG,BG,1056,72,14.67:1,,,,,,,,,conflict: Frame rate differs by source: Colosseum builds at 60 fps; the production After Effects project renders at 59.94. Confirm before final delivery.,https://wisconsincreative.com/board-sizes?v=kohl-center#kohl-center/centerhung-top-ring/sponsor-north-bg
kohl-center/centerhung-top-ring/sponsor-east-fg,zone,Kohl Center,Centerhung Top Ring,Sponsor-East-FG,FG,1056,72,14.67:1,,,,,,,,,conflict: Frame rate differs by source: Colosseum builds at 60 fps; the production After Effects project renders at 59.94. Confirm before final delivery.,https://wisconsincreative.com/board-sizes?v=kohl-center#kohl-center/centerhung-top-ring/sponsor-east-fg
kohl-center/centerhung-top-ring/sponsor-east-bg,zone,Kohl Center,Centerhung Top Ring,Sponsor-East-BG,BG,1056,72,14.67:1,,,,,,,,,conflict: Frame rate differs by source: Colosseum builds at 60 fps; the production After Effects project renders at 59.94. Confirm before final delivery.,https://wisconsincreative.com/board-sizes?v=kohl-center#kohl-center/centerhung-top-ring/sponsor-east-bg
kohl-center/centerhung-top-ring/sponsor-south-fg,zone,Kohl Center,Centerhung Top Ring,Sponsor-South-FG,FG,1056,72,14.67:1,,,,,,,,,conflict: Frame rate differs by source: Colosseum builds at 60 fps; the production After Effects project renders at 59.94. Confirm before final delivery.,https://wisconsincreative.com/board-sizes?v=kohl-center#kohl-center/centerhung-top-ring/sponsor-south-fg
kohl-center/centerhung-top-ring/sponsor-south-bg,zone,Kohl Center,Centerhung Top Ring,Sponsor-South-BG,BG,1056,72,14.67:1,,,,,,,,,conflict: Frame rate differs by source: Colosseum builds at 60 fps; the production After Effects project renders at 59.94. Confirm before final delivery.,https://wisconsincreative.com/board-sizes?v=kohl-center#kohl-center/centerhung-top-ring/sponsor-south-bg
kohl-center/centerhung-top-ring/sponsor-west-fg,zone,Kohl Center,Centerhung Top Ring,Sponsor-West-FG,FG,1056,72,14.67:1,,,,,,,,,conflict: Frame rate differs by source: Colosseum builds at 60 fps; the production After Effects project renders at 59.94. Confirm before final delivery.,https://wisconsincreative.com/board-sizes?v=kohl-center#kohl-center/centerhung-top-ring/sponsor-west-fg
kohl-center/centerhung-top-ring/sponsor-west-bg,zone,Kohl Center,Centerhung Top Ring,Sponsor-West-BG,BG,1056,72,14.67:1,,,,,,,,,conflict: Frame rate differs by source: Colosseum builds at 60 fps; the production After Effects project renders at 59.94. Confirm before final delivery.,https://wisconsincreative.com/board-sizes?v=kohl-center#kohl-center/centerhung-top-ring/sponsor-west-bg
kohl-center/centerhung-top-ring/ring-gip-fg,zone,Kohl Center,Centerhung Top Ring,Ring-GIP-FG,FG,1056,240,22:5,,,,,,,,,conflict: Frame rate differs by source: Colosseum builds at 60 fps; the production After Effects project renders at 59.94. Confirm before final delivery.,https://wisconsincreative.com/board-sizes?v=kohl-center#kohl-center/centerhung-top-ring/ring-gip-fg
kohl-center/centerhung-top-ring/ring-gip-bg,zone,Kohl Center,Centerhung Top Ring,Ring-GIP-BG,BG,1056,240,22:5,,,,,,,,,conflict: Frame rate differs by source: Colosseum builds at 60 fps; the production After Effects project renders at 59.94. Confirm before final delivery.,https://wisconsincreative.com/board-sizes?v=kohl-center#kohl-center/centerhung-top-ring/ring-gip-bg
kohl-center/centerhung-top-ring/captions,zone,Kohl Center,Centerhung Top Ring,Captions,,1056,240,22:5,,,,,,,,,conflict: Frame rate differs by source: Colosseum builds at 60 fps; the production After Effects project renders at 59.94. Confirm before final delivery.,https://wisconsincreative.com/board-sizes?v=kohl-center#kohl-center/centerhung-top-ring/captions
kohl-center/centerhung-top-ring/corner-nw-fg,zone,Kohl Center,Centerhung Top Ring,Corner-NW-FG,FG,240,240,1:1,,,,,,,,,conflict: Frame rate differs by source: Colosseum builds at 60 fps; the production After Effects project renders at 59.94. Confirm before final delivery.,https://wisconsincreative.com/board-sizes?v=kohl-center#kohl-center/centerhung-top-ring/corner-nw-fg
kohl-center/centerhung-top-ring/corner-nw-bg,zone,Kohl Center,Centerhung Top Ring,Corner-NW-BG,BG,240,240,1:1,,,,,,,,,conflict: Frame rate differs by source: Colosseum builds at 60 fps; the production After Effects project renders at 59.94. Confirm before final delivery.,https://wisconsincreative.com/board-sizes?v=kohl-center#kohl-center/centerhung-top-ring/corner-nw-bg
kohl-center/centerhung-top-ring/corner-ne-fg,zone,Kohl Center,Centerhung Top Ring,Corner-NE-FG,FG,240,240,1:1,,,,,,,,,conflict: Frame rate differs by source: Colosseum builds at 60 fps; the production After Effects project renders at 59.94. Confirm before final delivery.,https://wisconsincreative.com/board-sizes?v=kohl-center#kohl-center/centerhung-top-ring/corner-ne-fg
kohl-center/centerhung-top-ring/corner-ne-bg,zone,Kohl Center,Centerhung Top Ring,Corner-NE-BG,BG,240,240,1:1,,,,,,,,,conflict: Frame rate differs by source: Colosseum builds at 60 fps; the production After Effects project renders at 59.94. Confirm before final delivery.,https://wisconsincreative.com/board-sizes?v=kohl-center#kohl-center/centerhung-top-ring/corner-ne-bg
kohl-center/centerhung-top-ring/corner-sw-fg,zone,Kohl Center,Centerhung Top Ring,Corner-SW-FG,FG,240,240,1:1,,,,,,,,,conflict: Frame rate differs by source: Colosseum builds at 60 fps; the production After Effects project renders at 59.94. Confirm before final delivery.,https://wisconsincreative.com/board-sizes?v=kohl-center#kohl-center/centerhung-top-ring/corner-sw-fg
kohl-center/centerhung-top-ring/corner-sw-bg,zone,Kohl Center,Centerhung Top Ring,Corner-SW-BG,BG,240,240,1:1,,,,,,,,,conflict: Frame rate differs by source: Colosseum builds at 60 fps; the production After Effects project renders at 59.94. Confirm before final delivery.,https://wisconsincreative.com/board-sizes?v=kohl-center#kohl-center/centerhung-top-ring/corner-sw-bg
kohl-center/centerhung-top-ring/corner-se-fg,zone,Kohl Center,Centerhung Top Ring,Corner-SE-FG,FG,240,240,1:1,,,,,,,,,conflict: Frame rate differs by source: Colosseum builds at 60 fps; the production After Effects project renders at 59.94. Confirm before final delivery.,https://wisconsincreative.com/board-sizes?v=kohl-center#kohl-center/centerhung-top-ring/corner-se-fg
kohl-center/centerhung-top-ring/corner-se-bg,zone,Kohl Center,Centerhung Top Ring,Corner-SE-BG,BG,240,240,1:1,,,,,,,,,conflict: Frame rate differs by source: Colosseum builds at 60 fps; the production After Effects project renders at 59.94. Confirm before final delivery.,https://wisconsincreative.com/board-sizes?v=kohl-center#kohl-center/centerhung-top-ring/corner-se-bg
kohl-center/360-fascia,display,Kohl Center,360 Fascia,,,12576,144,87.33:1,"0,0",59.94,,,,,,KC_FASCIA,conflict: Frame rate differs by source: Colosseum builds at 60 fps; the production After Effects project renders at 59.94. Confirm before final delivery.,https://wisconsincreative.com/board-sizes?v=kohl-center#kohl-center/360-fascia
kohl-center/360-fascia/fullscreen-fg,zone,Kohl Center,360 Fascia,Fullscreen-FG,FG,12576,144,87.33:1,,,,,,,,,conflict: Frame rate differs by source: Colosseum builds at 60 fps; the production After Effects project renders at 59.94. Confirm before final delivery.,https://wisconsincreative.com/board-sizes?v=kohl-center#kohl-center/360-fascia/fullscreen-fg
kohl-center/360-fascia/fullscreen-bg,zone,Kohl Center,360 Fascia,Fullscreen-BG,BG,12576,144,87.33:1,,,,,,,,,conflict: Frame rate differs by source: Colosseum builds at 60 fps; the production After Effects project renders at 59.94. Confirm before final delivery.,https://wisconsincreative.com/board-sizes?v=kohl-center#kohl-center/360-fascia/fullscreen-bg
kohl-center/360-fascia/sideline-extended-east-fg,zone,Kohl Center,360 Fascia,Sideline Extended-East-FG,FG,11472,72,159.33:1,,,,,,,,,conflict: Frame rate differs by source: Colosseum builds at 60 fps; the production After Effects project renders at 59.94. Confirm before final delivery.,https://wisconsincreative.com/board-sizes?v=kohl-center#kohl-center/360-fascia/sideline-extended-east-fg
kohl-center/360-fascia/sideline-extended-east-bg,zone,Kohl Center,360 Fascia,Sideline Extended-East-BG,BG,11472,72,159.33:1,,,,,,,,,conflict: Frame rate differs by source: Colosseum builds at 60 fps; the production After Effects project renders at 59.94. Confirm before final delivery.,https://wisconsincreative.com/board-sizes?v=kohl-center#kohl-center/360-fascia/sideline-extended-east-bg
kohl-center/360-fascia/sideline-extended-west-fg,zone,Kohl Center,360 Fascia,Sideline Extended-West-FG,FG,11472,72,159.33:1,,,,,,,,,conflict: Frame rate differs by source: Colosseum builds at 60 fps; the production After Effects project renders at 59.94. Confirm before final delivery.,https://wisconsincreative.com/board-sizes?v=kohl-center#kohl-center/360-fascia/sideline-extended-west-fg
kohl-center/360-fascia/sideline-extended-west-bg,zone,Kohl Center,360 Fascia,Sideline Extended-West-BG,BG,11472,72,159.33:1,,,,,,,,,conflict: Frame rate differs by source: Colosseum builds at 60 fps; the production After Effects project renders at 59.94. Confirm before final delivery.,https://wisconsincreative.com/board-sizes?v=kohl-center#kohl-center/360-fascia/sideline-extended-west-bg
kohl-center/360-fascia/sideline-east-fg,zone,Kohl Center,360 Fascia,Sideline-East-FG,FG,8160,72,113.33:1,,,,,,,,,conflict: Frame rate differs by source: Colosseum builds at 60 fps; the production After Effects project renders at 59.94. Confirm before final delivery.,https://wisconsincreative.com/board-sizes?v=kohl-center#kohl-center/360-fascia/sideline-east-fg
kohl-center/360-fascia/sideline-east-bg,zone,Kohl Center,360 Fascia,Sideline-East-BG,BG,8160,72,113.33:1,,,,,,,,,conflict: Frame rate differs by source: Colosseum builds at 60 fps; the production After Effects project renders at 59.94. Confirm before final delivery.,https://wisconsincreative.com/board-sizes?v=kohl-center#kohl-center/360-fascia/sideline-east-bg
kohl-center/360-fascia/sideline-west-fg,zone,Kohl Center,360 Fascia,Sideline-West-FG,FG,8160,72,113.33:1,,,,,,,,,conflict: Frame rate differs by source: Colosseum builds at 60 fps; the production After Effects project renders at 59.94. Confirm before final delivery.,https://wisconsincreative.com/board-sizes?v=kohl-center#kohl-center/360-fascia/sideline-west-fg
kohl-center/360-fascia/sideline-west-bg,zone,Kohl Center,360 Fascia,Sideline-West-BG,BG,8160,72,113.33:1,,,,,,,,,conflict: Frame rate differs by source: Colosseum builds at 60 fps; the production After Effects project renders at 59.94. Confirm before final delivery.,https://wisconsincreative.com/board-sizes?v=kohl-center#kohl-center/360-fascia/sideline-west-bg
kohl-center/360-fascia/endzone-north-fg,zone,Kohl Center,360 Fascia,Endzone-North-FG,FG,4416,72,61.33:1,,,,,,,,,conflict: Frame rate differs by source: Colosseum builds at 60 fps; the production After Effects project renders at 59.94. Confirm before final delivery.,https://wisconsincreative.com/board-sizes?v=kohl-center#kohl-center/360-fascia/endzone-north-fg
kohl-center/360-fascia/endzone-north-bg,zone,Kohl Center,360 Fascia,Endzone-North-BG,BG,4416,72,61.33:1,,,,,,,,,conflict: Frame rate differs by source: Colosseum builds at 60 fps; the production After Effects project renders at 59.94. Confirm before final delivery.,https://wisconsincreative.com/board-sizes?v=kohl-center#kohl-center/360-fascia/endzone-north-bg
kohl-center/360-fascia/endzone-south-fg,zone,Kohl Center,360 Fascia,Endzone-South-FG,FG,4416,72,61.33:1,,,,,,,,,conflict: Frame rate differs by source: Colosseum builds at 60 fps; the production After Effects project renders at 59.94. Confirm before final delivery.,https://wisconsincreative.com/board-sizes?v=kohl-center#kohl-center/360-fascia/endzone-south-fg
kohl-center/360-fascia/endzone-south-bg,zone,Kohl Center,360 Fascia,Endzone-South-BG,BG,4416,72,61.33:1,,,,,,,,,conflict: Frame rate differs by source: Colosseum builds at 60 fps; the production After Effects project renders at 59.94. Confirm before final delivery.,https://wisconsincreative.com/board-sizes?v=kohl-center#kohl-center/360-fascia/endzone-south-bg
kohl-center/360-fascia/endzone-gip-fg,zone,Kohl Center,360 Fascia,Endzone GIP-FG,FG,1104,72,15.33:1,,,,,,,,,conflict: Frame rate differs by source: Colosseum builds at 60 fps; the production After Effects project renders at 59.94. Confirm before final delivery.,https://wisconsincreative.com/board-sizes?v=kohl-center#kohl-center/360-fascia/endzone-gip-fg
kohl-center/360-fascia/endzone-gip-bg,zone,Kohl Center,360 Fascia,Endzone GIP-BG,BG,1104,72,15.33:1,,,,,,,,,conflict: Frame rate differs by source: Colosseum builds at 60 fps; the production After Effects project renders at 59.94. Confirm before final delivery.,https://wisconsincreative.com/board-sizes?v=kohl-center#kohl-center/360-fascia/endzone-gip-bg
kohl-center/360-fascia/endzone-left-stat-fg,zone,Kohl Center,360 Fascia,Endzone-Left Stat-FG,FG,1656,72,23:1,,,,,,,,,conflict: Frame rate differs by source: Colosseum builds at 60 fps; the production After Effects project renders at 59.94. Confirm before final delivery.,https://wisconsincreative.com/board-sizes?v=kohl-center#kohl-center/360-fascia/endzone-left-stat-fg
kohl-center/360-fascia/endzone-left-stat-bg,zone,Kohl Center,360 Fascia,Endzone-Left Stat-BG,BG,1656,72,23:1,,,,,,,,,conflict: Frame rate differs by source: Colosseum builds at 60 fps; the production After Effects project renders at 59.94. Confirm before final delivery.,https://wisconsincreative.com/board-sizes?v=kohl-center#kohl-center/360-fascia/endzone-left-stat-bg
kohl-center/360-fascia/endzone-right-stat-fg,zone,Kohl Center,360 Fascia,Endzone-Right Stat-FG,FG,1656,72,23:1,,,,,,,,,conflict: Frame rate differs by source: Colosseum builds at 60 fps; the production After Effects project renders at 59.94. Confirm before final delivery.,https://wisconsincreative.com/board-sizes?v=kohl-center#kohl-center/360-fascia/endzone-right-stat-fg
kohl-center/360-fascia/endzone-right-stat-bg,zone,Kohl Center,360 Fascia,Endzone-Right Stat-BG,BG,1656,72,23:1,,,,,,,,,conflict: Frame rate differs by source: Colosseum builds at 60 fps; the production After Effects project renders at 59.94. Confirm before final delivery.,https://wisconsincreative.com/board-sizes?v=kohl-center#kohl-center/360-fascia/endzone-right-stat-bg
kohl-center/300-level-tunnels,display,Kohl Center,300 Level & Tunnels,,,1152,360,16:5,"0,0",,,,,,,,conflict: Frame rate differs by source: Colosseum builds at 60 fps; the production After Effects project renders at 59.94. Confirm before final delivery.,https://wisconsincreative.com/board-sizes?v=kohl-center#kohl-center/300-level-tunnels
kohl-center/300-level-tunnels/corner-fullscreen-se-fg,zone,Kohl Center,300 Level & Tunnels,Corner-Fullscreen-SE-FG,FG,800,64,25:2,,59.94,,,,,,KC_300_LEVEL,conflict: Frame rate differs by source: Colosseum builds at 60 fps; the production After Effects project renders at 59.94. Confirm before final delivery.,https://wisconsincreative.com/board-sizes?v=kohl-center#kohl-center/300-level-tunnels/corner-fullscreen-se-fg
kohl-center/300-level-tunnels/corner-fullscreen-se-bg,zone,Kohl Center,300 Level & Tunnels,Corner-Fullscreen-SE-BG,BG,800,64,25:2,,,,,,,,,conflict: Frame rate differs by source: Colosseum builds at 60 fps; the production After Effects project renders at 59.94. Confirm before final delivery.,https://wisconsincreative.com/board-sizes?v=kohl-center#kohl-center/300-level-tunnels/corner-fullscreen-se-bg
kohl-center/300-level-tunnels/corner-fullscreen-ne-fg,zone,Kohl Center,300 Level & Tunnels,Corner-Fullscreen-NE-FG,FG,800,64,25:2,,,,,,,,,conflict: Frame rate differs by source: Colosseum builds at 60 fps; the production After Effects project renders at 59.94. Confirm before final delivery.,https://wisconsincreative.com/board-sizes?v=kohl-center#kohl-center/300-level-tunnels/corner-fullscreen-ne-fg
kohl-center/300-level-tunnels/corner-fullscreen-ne-bg,zone,Kohl Center,300 Level & Tunnels,Corner-Fullscreen-NE-BG,BG,800,64,25:2,,,,,,,,,conflict: Frame rate differs by source: Colosseum builds at 60 fps; the production After Effects project renders at 59.94. Confirm before final delivery.,https://wisconsincreative.com/board-sizes?v=kohl-center#kohl-center/300-level-tunnels/corner-fullscreen-ne-bg
kohl-center/300-level-tunnels/corner-fullscreen-nw-fg,zone,Kohl Center,300 Level & Tunnels,Corner-Fullscreen-NW-FG,FG,800,64,25:2,,,,,,,,,conflict: Frame rate differs by source: Colosseum builds at 60 fps; the production After Effects project renders at 59.94. Confirm before final delivery.,https://wisconsincreative.com/board-sizes?v=kohl-center#kohl-center/300-level-tunnels/corner-fullscreen-nw-fg
kohl-center/300-level-tunnels/corner-fullscreen-nw-bg,zone,Kohl Center,300 Level & Tunnels,Corner-Fullscreen-NW-BG,BG,800,64,25:2,,,,,,,,,conflict: Frame rate differs by source: Colosseum builds at 60 fps; the production After Effects project renders at 59.94. Confirm before final delivery.,https://wisconsincreative.com/board-sizes?v=kohl-center#kohl-center/300-level-tunnels/corner-fullscreen-nw-bg
kohl-center/300-level-tunnels/corner-fullscreen-sw-fg,zone,Kohl Center,300 Level & Tunnels,Corner-Fullscreen-SW-FG,FG,800,64,25:2,,,,,,,,,conflict: Frame rate differs by source: Colosseum builds at 60 fps; the production After Effects project renders at 59.94. Confirm before final delivery.,https://wisconsincreative.com/board-sizes?v=kohl-center#kohl-center/300-level-tunnels/corner-fullscreen-sw-fg
kohl-center/300-level-tunnels/corner-fullscreen-sw-bg,zone,Kohl Center,300 Level & Tunnels,Corner-Fullscreen-SW-BG,BG,800,64,25:2,,,,,,,,,conflict: Frame rate differs by source: Colosseum builds at 60 fps; the production After Effects project renders at 59.94. Confirm before final delivery.,https://wisconsincreative.com/board-sizes?v=kohl-center#kohl-center/300-level-tunnels/corner-fullscreen-sw-bg
kohl-center/300-level-tunnels/corner-center-se-fg,zone,Kohl Center,300 Level & Tunnels,Corner-Center-SE-FG,FG,470,64,7.34:1,,,,,,,,,conflict: Frame rate differs by source: Colosseum builds at 60 fps; the production After Effects project renders at 59.94. Confirm before final delivery.,https://wisconsincreative.com/board-sizes?v=kohl-center#kohl-center/300-level-tunnels/corner-center-se-fg
kohl-center/300-level-tunnels/corner-center-se-bg,zone,Kohl Center,300 Level & Tunnels,Corner-Center-SE-BG,BG,470,64,7.34:1,,,,,,,,,conflict: Frame rate differs by source: Colosseum builds at 60 fps; the production After Effects project renders at 59.94. Confirm before final delivery.,https://wisconsincreative.com/board-sizes?v=kohl-center#kohl-center/300-level-tunnels/corner-center-se-bg
kohl-center/300-level-tunnels/corner-center-ne-fg,zone,Kohl Center,300 Level & Tunnels,Corner-Center-NE-FG,FG,470,64,7.34:1,,,,,,,,,conflict: Frame rate differs by source: Colosseum builds at 60 fps; the production After Effects project renders at 59.94. Confirm before final delivery.,https://wisconsincreative.com/board-sizes?v=kohl-center#kohl-center/300-level-tunnels/corner-center-ne-fg
kohl-center/300-level-tunnels/corner-center-ne-bg,zone,Kohl Center,300 Level & Tunnels,Corner-Center-NE-BG,BG,470,64,7.34:1,,,,,,,,,conflict: Frame rate differs by source: Colosseum builds at 60 fps; the production After Effects project renders at 59.94. Confirm before final delivery.,https://wisconsincreative.com/board-sizes?v=kohl-center#kohl-center/300-level-tunnels/corner-center-ne-bg
kohl-center/300-level-tunnels/corner-center-nw-fg,zone,Kohl Center,300 Level & Tunnels,Corner-Center-NW-FG,FG,470,64,7.34:1,,,,,,,,,conflict: Frame rate differs by source: Colosseum builds at 60 fps; the production After Effects project renders at 59.94. Confirm before final delivery.,https://wisconsincreative.com/board-sizes?v=kohl-center#kohl-center/300-level-tunnels/corner-center-nw-fg
kohl-center/300-level-tunnels/corner-center-nw-bg,zone,Kohl Center,300 Level & Tunnels,Corner-Center-NW-BG,BG,470,64,7.34:1,,,,,,,,,conflict: Frame rate differs by source: Colosseum builds at 60 fps; the production After Effects project renders at 59.94. Confirm before final delivery.,https://wisconsincreative.com/board-sizes?v=kohl-center#kohl-center/300-level-tunnels/corner-center-nw-bg
kohl-center/300-level-tunnels/corner-center-sw-fg,zone,Kohl Center,300 Level & Tunnels,Corner-Center-SW-FG,FG,470,64,7.34:1,,,,,,,,,conflict: Frame rate differs by source: Colosseum builds at 60 fps; the production After Effects project renders at 59.94. Confirm before final delivery.,https://wisconsincreative.com/board-sizes?v=kohl-center#kohl-center/300-level-tunnels/corner-center-sw-fg
kohl-center/300-level-tunnels/corner-center-sw-bg,zone,Kohl Center,300 Level & Tunnels,Corner-Center-SW-BG,BG,470,64,7.34:1,,,,,,,,,conflict: Frame rate differs by source: Colosseum builds at 60 fps; the production After Effects project renders at 59.94. Confirm before final delivery.,https://wisconsincreative.com/board-sizes?v=kohl-center#kohl-center/300-level-tunnels/corner-center-sw-bg
kohl-center/300-level-tunnels/corner-left-se-fg,zone,Kohl Center,300 Level & Tunnels,Corner-Left-SE-FG,FG,165,64,2.58:1,,,,,,,,,conflict: Frame rate differs by source: Colosseum builds at 60 fps; the production After Effects project renders at 59.94. Confirm before final delivery.,https://wisconsincreative.com/board-sizes?v=kohl-center#kohl-center/300-level-tunnels/corner-left-se-fg
kohl-center/300-level-tunnels/corner-left-se-bg,zone,Kohl Center,300 Level & Tunnels,Corner-Left-SE-BG,BG,165,64,2.58:1,,,,,,,,,conflict: Frame rate differs by source: Colosseum builds at 60 fps; the production After Effects project renders at 59.94. Confirm before final delivery.,https://wisconsincreative.com/board-sizes?v=kohl-center#kohl-center/300-level-tunnels/corner-left-se-bg
kohl-center/300-level-tunnels/corner-left-ne-fg,zone,Kohl Center,300 Level & Tunnels,Corner-Left-NE-FG,FG,165,64,2.58:1,,,,,,,,,conflict: Frame rate differs by source: Colosseum builds at 60 fps; the production After Effects project renders at 59.94. Confirm before final delivery.,https://wisconsincreative.com/board-sizes?v=kohl-center#kohl-center/300-level-tunnels/corner-left-ne-fg
kohl-center/300-level-tunnels/corner-left-ne-bg,zone,Kohl Center,300 Level & Tunnels,Corner-Left-NE-BG,BG,165,64,2.58:1,,,,,,,,,conflict: Frame rate differs by source: Colosseum builds at 60 fps; the production After Effects project renders at 59.94. Confirm before final delivery.,https://wisconsincreative.com/board-sizes?v=kohl-center#kohl-center/300-level-tunnels/corner-left-ne-bg
kohl-center/300-level-tunnels/corner-left-nw-fg,zone,Kohl Center,300 Level & Tunnels,Corner-Left-NW-FG,FG,165,64,2.58:1,,,,,,,,,conflict: Frame rate differs by source: Colosseum builds at 60 fps; the production After Effects project renders at 59.94. Confirm before final delivery.,https://wisconsincreative.com/board-sizes?v=kohl-center#kohl-center/300-level-tunnels/corner-left-nw-fg
kohl-center/300-level-tunnels/corner-left-nw-bg,zone,Kohl Center,300 Level & Tunnels,Corner-Left-NW-BG,BG,165,64,2.58:1,,,,,,,,,conflict: Frame rate differs by source: Colosseum builds at 60 fps; the production After Effects project renders at 59.94. Confirm before final delivery.,https://wisconsincreative.com/board-sizes?v=kohl-center#kohl-center/300-level-tunnels/corner-left-nw-bg
kohl-center/300-level-tunnels/corner-left-sw-fg,zone,Kohl Center,300 Level & Tunnels,Corner-Left-SW-FG,FG,165,64,2.58:1,,,,,,,,,conflict: Frame rate differs by source: Colosseum builds at 60 fps; the production After Effects project renders at 59.94. Confirm before final delivery.,https://wisconsincreative.com/board-sizes?v=kohl-center#kohl-center/300-level-tunnels/corner-left-sw-fg
kohl-center/300-level-tunnels/corner-left-sw-bg,zone,Kohl Center,300 Level & Tunnels,Corner-Left-SW-BG,BG,165,64,2.58:1,,,,,,,,,conflict: Frame rate differs by source: Colosseum builds at 60 fps; the production After Effects project renders at 59.94. Confirm before final delivery.,https://wisconsincreative.com/board-sizes?v=kohl-center#kohl-center/300-level-tunnels/corner-left-sw-bg
kohl-center/300-level-tunnels/corner-right-se-fg,zone,Kohl Center,300 Level & Tunnels,Corner-Right-SE-FG,FG,165,64,2.58:1,,,,,,,,,conflict: Frame rate differs by source: Colosseum builds at 60 fps; the production After Effects project renders at 59.94. Confirm before final delivery.,https://wisconsincreative.com/board-sizes?v=kohl-center#kohl-center/300-level-tunnels/corner-right-se-fg
kohl-center/300-level-tunnels/corner-right-se-bg,zone,Kohl Center,300 Level & Tunnels,Corner-Right-SE-BG,BG,165,64,2.58:1,,,,,,,,,conflict: Frame rate differs by source: Colosseum builds at 60 fps; the production After Effects project renders at 59.94. Confirm before final delivery.,https://wisconsincreative.com/board-sizes?v=kohl-center#kohl-center/300-level-tunnels/corner-right-se-bg
kohl-center/300-level-tunnels/corner-right-ne-fg,zone,Kohl Center,300 Level & Tunnels,Corner-Right-NE-FG,FG,165,64,2.58:1,,,,,,,,,conflict: Frame rate differs by source: Colosseum builds at 60 fps; the production After Effects project renders at 59.94. Confirm before final delivery.,https://wisconsincreative.com/board-sizes?v=kohl-center#kohl-center/300-level-tunnels/corner-right-ne-fg
kohl-center/300-level-tunnels/corner-right-ne-bg,zone,Kohl Center,300 Level & Tunnels,Corner-Right-NE-BG,BG,165,64,2.58:1,,,,,,,,,conflict: Frame rate differs by source: Colosseum builds at 60 fps; the production After Effects project renders at 59.94. Confirm before final delivery.,https://wisconsincreative.com/board-sizes?v=kohl-center#kohl-center/300-level-tunnels/corner-right-ne-bg
kohl-center/300-level-tunnels/corner-right-nw-fg,zone,Kohl Center,300 Level & Tunnels,Corner-Right-NW-FG,FG,165,64,2.58:1,,,,,,,,,conflict: Frame rate differs by source: Colosseum builds at 60 fps; the production After Effects project renders at 59.94. Confirm before final delivery.,https://wisconsincreative.com/board-sizes?v=kohl-center#kohl-center/300-level-tunnels/corner-right-nw-fg
kohl-center/300-level-tunnels/corner-right-nw-bg,zone,Kohl Center,300 Level & Tunnels,Corner-Right-NW-BG,BG,165,64,2.58:1,,,,,,,,,conflict: Frame rate differs by source: Colosseum builds at 60 fps; the production After Effects project renders at 59.94. Confirm before final delivery.,https://wisconsincreative.com/board-sizes?v=kohl-center#kohl-center/300-level-tunnels/corner-right-nw-bg
kohl-center/300-level-tunnels/corner-right-sw-fg,zone,Kohl Center,300 Level & Tunnels,Corner-Right-SW-FG,FG,165,64,2.58:1,,,,,,,,,conflict: Frame rate differs by source: Colosseum builds at 60 fps; the production After Effects project renders at 59.94. Confirm before final delivery.,https://wisconsincreative.com/board-sizes?v=kohl-center#kohl-center/300-level-tunnels/corner-right-sw-fg
kohl-center/300-level-tunnels/corner-right-sw-bg,zone,Kohl Center,300 Level & Tunnels,Corner-Right-SW-BG,BG,165,64,2.58:1,,,,,,,,,conflict: Frame rate differs by source: Colosseum builds at 60 fps; the production After Effects project renders at 59.94. Confirm before final delivery.,https://wisconsincreative.com/board-sizes?v=kohl-center#kohl-center/300-level-tunnels/corner-right-sw-bg
kohl-center/300-level-tunnels/tunnel-se-fg,zone,Kohl Center,300 Level & Tunnels,Tunnel-SE-FG,FG,288,72,4:1,,59.94,,,,,,KC_TUNNEL,conflict: Frame rate differs by source: Colosseum builds at 60 fps; the production After Effects project renders at 59.94. Confirm before final delivery.,https://wisconsincreative.com/board-sizes?v=kohl-center#kohl-center/300-level-tunnels/tunnel-se-fg
kohl-center/300-level-tunnels/tunnel-se-bg,zone,Kohl Center,300 Level & Tunnels,Tunnel-SE-BG,BG,288,72,4:1,,,,,,,,,conflict: Frame rate differs by source: Colosseum builds at 60 fps; the production After Effects project renders at 59.94. Confirm before final delivery.,https://wisconsincreative.com/board-sizes?v=kohl-center#kohl-center/300-level-tunnels/tunnel-se-bg
kohl-center/300-level-tunnels/tunnel-ne-fg,zone,Kohl Center,300 Level & Tunnels,Tunnel-NE-FG,FG,288,72,4:1,,,,,,,,,conflict: Frame rate differs by source: Colosseum builds at 60 fps; the production After Effects project renders at 59.94. Confirm before final delivery.,https://wisconsincreative.com/board-sizes?v=kohl-center#kohl-center/300-level-tunnels/tunnel-ne-fg
kohl-center/300-level-tunnels/tunnel-ne-bg,zone,Kohl Center,300 Level & Tunnels,Tunnel-NE-BG,BG,288,72,4:1,,,,,,,,,conflict: Frame rate differs by source: Colosseum builds at 60 fps; the production After Effects project renders at 59.94. Confirm before final delivery.,https://wisconsincreative.com/board-sizes?v=kohl-center#kohl-center/300-level-tunnels/tunnel-ne-bg
kohl-center/300-level-tunnels/tunnel-nw-fg,zone,Kohl Center,300 Level & Tunnels,Tunnel-NW-FG,FG,288,72,4:1,,,,,,,,,conflict: Frame rate differs by source: Colosseum builds at 60 fps; the production After Effects project renders at 59.94. Confirm before final delivery.,https://wisconsincreative.com/board-sizes?v=kohl-center#kohl-center/300-level-tunnels/tunnel-nw-fg
kohl-center/300-level-tunnels/tunnel-nw-bg,zone,Kohl Center,300 Level & Tunnels,Tunnel-NW-BG,BG,288,72,4:1,,,,,,,,,conflict: Frame rate differs by source: Colosseum builds at 60 fps; the production After Effects project renders at 59.94. Confirm before final delivery.,https://wisconsincreative.com/board-sizes?v=kohl-center#kohl-center/300-level-tunnels/tunnel-nw-bg
kohl-center/300-level-tunnels/tunnel-sw-fg,zone,Kohl Center,300 Level & Tunnels,Tunnel-SW-FG,FG,288,72,4:1,,,,,,,,,conflict: Frame rate differs by source: Colosseum builds at 60 fps; the production After Effects project renders at 59.94. Confirm before final delivery.,https://wisconsincreative.com/board-sizes?v=kohl-center#kohl-center/300-level-tunnels/tunnel-sw-fg
kohl-center/300-level-tunnels/tunnel-sw-bg,zone,Kohl Center,300 Level & Tunnels,Tunnel-SW-BG,BG,288,72,4:1,,,,,,,,,conflict: Frame rate differs by source: Colosseum builds at 60 fps; the production After Effects project renders at 59.94. Confirm before final delivery.,https://wisconsincreative.com/board-sizes?v=kohl-center#kohl-center/300-level-tunnels/tunnel-sw-bg
kohl-center/scorers-table,display,Kohl Center,Scorer’s Table,,,2016,126,16:1,"0,0",59.94,,,,,,KC_SCORERS_TABLE,conflict: Frame rate differs by source: Colosseum builds at 60 fps; the production After Effects project renders at 59.94. Confirm before final delivery.,https://wisconsincreative.com/board-sizes?v=kohl-center#kohl-center/scorers-table
kohl-center/scorers-table/table-fg,zone,Kohl Center,Scorer’s Table,Table-FG,FG,2016,126,16:1,,,,,,,,,conflict: Frame rate differs by source: Colosseum builds at 60 fps; the production After Effects project renders at 59.94. Confirm before final delivery.,https://wisconsincreative.com/board-sizes?v=kohl-center#kohl-center/scorers-table/table-fg
kohl-center/scorers-table/table-bg,zone,Kohl Center,Scorer’s Table,Table-BG,BG,2016,126,16:1,,,,,,,,,conflict: Frame rate differs by source: Colosseum builds at 60 fps; the production After Effects project renders at 59.94. Confirm before final delivery.,https://wisconsincreative.com/board-sizes?v=kohl-center#kohl-center/scorers-table/table-bg
kohl-center/stanchion,display,Kohl Center,Stanchion,,,240,120,2:1,"0,0",59.94,,,,,,KC_STANCHION,conflict: Frame rate differs by source: Colosseum builds at 60 fps; the production After Effects project renders at 59.94. Confirm before final delivery.,https://wisconsincreative.com/board-sizes?v=kohl-center#kohl-center/stanchion
kohl-center/stanchion/fullscreen-fg,zone,Kohl Center,Stanchion,Fullscreen-FG,FG,240,120,2:1,,,,,,,,,conflict: Frame rate differs by source: Colosseum builds at 60 fps; the production After Effects project renders at 59.94. Confirm before final delivery.,https://wisconsincreative.com/board-sizes?v=kohl-center#kohl-center/stanchion/fullscreen-fg
kohl-center/stanchion/fullscreen-bg,zone,Kohl Center,Stanchion,Fullscreen-BG,BG,240,120,2:1,,,,,,,,,conflict: Frame rate differs by source: Colosseum builds at 60 fps; the production After Effects project renders at 59.94. Confirm before final delivery.,https://wisconsincreative.com/board-sizes?v=kohl-center#kohl-center/stanchion/fullscreen-bg
kohl-center/baseline-table,display,Kohl Center,Baseline Table,,,840,126,20:3,"0,0",59.94,,,,,,KC_BASELINE_TABLE,conflict: Frame rate differs by source: Colosseum builds at 60 fps; the production After Effects project renders at 59.94. Confirm before final delivery.,https://wisconsincreative.com/board-sizes?v=kohl-center#kohl-center/baseline-table
kohl-center/baseline-table/baseline-fg,zone,Kohl Center,Baseline Table,Baseline-FG,FG,840,126,20:3,,,,,,,,,conflict: Frame rate differs by source: Colosseum builds at 60 fps; the production After Effects project renders at 59.94. Confirm before final delivery.,https://wisconsincreative.com/board-sizes?v=kohl-center#kohl-center/baseline-table/baseline-fg
kohl-center/baseline-table/baseline-bg,zone,Kohl Center,Baseline Table,Baseline-BG,BG,840,126,20:3,,,,,,,,,conflict: Frame rate differs by source: Colosseum builds at 60 fps; the production After Effects project renders at 59.94. Confirm before final delivery.,https://wisconsincreative.com/board-sizes?v=kohl-center#kohl-center/baseline-table/baseline-bg
field-house/main,display,Field House,Main,,,672,384,7:4,"0,0",59.94,,,,,,FH_MAIN,,https://wisconsincreative.com/board-sizes?v=field-house#field-house/main
field-house/main/main-fullscreen-fg,zone,Field House,Main,Main-Fullscreen-FG,FG,672,384,7:4,,,,,,,,,,https://wisconsincreative.com/board-sizes?v=field-house#field-house/main/main-fullscreen-fg
field-house/main/main-fullscreen-bg,zone,Field House,Main,Main-Fullscreen-BG,BG,672,384,7:4,,,,,,,,,,https://wisconsincreative.com/board-sizes?v=field-house#field-house/main/main-fullscreen-bg
field-house/main/sdi-a,zone,Field House,Main,SDI-A,,672,384,7:4,,,,,,,,,,https://wisconsincreative.com/board-sizes?v=field-house#field-house/main/sdi-a
field-house/main/sdi-b,zone,Field House,Main,SDI-B,,672,384,7:4,,,,,,,,,,https://wisconsincreative.com/board-sizes?v=field-house#field-house/main/sdi-b
field-house/top-ring,display,Field House,Top Ring,,,3456,96,36:1,"0,0",59.94,,,,,,FH_TOP_RING,,https://wisconsincreative.com/board-sizes?v=field-house#field-house/top-ring
field-house/top-ring/ring-fullscreen-fg,zone,Field House,Top Ring,Ring-Fullscreen-FG,FG,3456,96,36:1,,,,,,,,,,https://wisconsincreative.com/board-sizes?v=field-house#field-house/top-ring/ring-fullscreen-fg
field-house/top-ring/ring-fullscreen-bg,zone,Field House,Top Ring,Ring-Fullscreen-BG,BG,3456,96,36:1,,,,,,,,,,https://wisconsincreative.com/board-sizes?v=field-house#field-house/top-ring/ring-fullscreen-bg
field-house/top-ring/ring-gip-fg,zone,Field House,Top Ring,Ring-GIP-FG,FG,694,96,7.23:1,,,,,,,,,,https://wisconsincreative.com/board-sizes?v=field-house#field-house/top-ring/ring-gip-fg
field-house/top-ring/ring-gip-bg,zone,Field House,Top Ring,Ring-GIP-BG,BG,694,96,7.23:1,,,,,,,,,,https://wisconsincreative.com/board-sizes?v=field-house#field-house/top-ring/ring-gip-bg
field-house/top-ring/ring-corner-nw-fg,zone,Field House,Top Ring,Ring-Corner-NW-FG,FG,170,96,1.77:1,,,,,,,,,,https://wisconsincreative.com/board-sizes?v=field-house#field-house/top-ring/ring-corner-nw-fg
field-house/top-ring/ring-corner-nw-bg,zone,Field House,Top Ring,Ring-Corner-NW-BG,BG,170,96,1.77:1,,,,,,,,,,https://wisconsincreative.com/board-sizes?v=field-house#field-house/top-ring/ring-corner-nw-bg
field-house/top-ring/ring-corner-ne-fg,zone,Field House,Top Ring,Ring-Corner-NE-FG,FG,170,96,1.77:1,,,,,,,,,,https://wisconsincreative.com/board-sizes?v=field-house#field-house/top-ring/ring-corner-ne-fg
field-house/top-ring/ring-corner-ne-bg,zone,Field House,Top Ring,Ring-Corner-NE-BG,BG,170,96,1.77:1,,,,,,,,,,https://wisconsincreative.com/board-sizes?v=field-house#field-house/top-ring/ring-corner-ne-bg
field-house/top-ring/ring-corner-sw-fg,zone,Field House,Top Ring,Ring-Corner-SW-FG,FG,170,96,1.77:1,,,,,,,,,,https://wisconsincreative.com/board-sizes?v=field-house#field-house/top-ring/ring-corner-sw-fg
field-house/top-ring/ring-corner-sw-bg,zone,Field House,Top Ring,Ring-Corner-SW-BG,BG,170,96,1.77:1,,,,,,,,,,https://wisconsincreative.com/board-sizes?v=field-house#field-house/top-ring/ring-corner-sw-bg
field-house/top-ring/ring-corner-se-fg,zone,Field House,Top Ring,Ring-Corner-SE-FG,FG,170,96,1.77:1,,,,,,,,,,https://wisconsincreative.com/board-sizes?v=field-house#field-house/top-ring/ring-corner-se-fg
field-house/top-ring/ring-corner-se-bg,zone,Field House,Top Ring,Ring-Corner-SE-BG,BG,170,96,1.77:1,,,,,,,,,,https://wisconsincreative.com/board-sizes?v=field-house#field-house/top-ring/ring-corner-se-bg
field-house/table,display,Field House,Table,,,1728,96,18:1,"0,0",,,,,,,,naming: Zone names and folder structure will change when the table is plugged in. / naming: The sheet lists “Left GIP-BG” twice (zones 6 and 8); zone 8 is probably Right GIP-BG.,https://wisconsincreative.com/board-sizes?v=field-house#field-house/table
field-house/table/fullscreen-fg,zone,Field House,Table,Fullscreen-FG,FG,1728,96,18:1,,,,,,,,,naming: Zone names and folder structure will change when the table is plugged in. / naming: The sheet lists “Left GIP-BG” twice (zones 6 and 8); zone 8 is probably Right GIP-BG.,https://wisconsincreative.com/board-sizes?v=field-house#field-house/table/fullscreen-fg
field-house/table/fullscreen-bg,zone,Field House,Table,Fullscreen-BG,BG,1728,96,18:1,,,,,,,,,naming: Zone names and folder structure will change when the table is plugged in. / naming: The sheet lists “Left GIP-BG” twice (zones 6 and 8); zone 8 is probably Right GIP-BG.,https://wisconsincreative.com/board-sizes?v=field-house#field-house/table/fullscreen-bg
field-house/table/center-ad-fg,zone,Field House,Table,Center Ad-FG,FG,1036,96,10.79:1,,,,,,,,,naming: Zone names and folder structure will change when the table is plugged in. / naming: The sheet lists “Left GIP-BG” twice (zones 6 and 8); zone 8 is probably Right GIP-BG.,https://wisconsincreative.com/board-sizes?v=field-house#field-house/table/center-ad-fg
field-house/table/center-ad-bg,zone,Field House,Table,Center Ad-BG,BG,1036,96,10.79:1,,,,,,,,,naming: Zone names and folder structure will change when the table is plugged in. / naming: The sheet lists “Left GIP-BG” twice (zones 6 and 8); zone 8 is probably Right GIP-BG.,https://wisconsincreative.com/board-sizes?v=field-house#field-house/table/center-ad-bg
field-house/table/left-gip-fg,zone,Field House,Table,Left GIP-FG,FG,346,96,3.6:1,,,,,,,,,naming: Zone names and folder structure will change when the table is plugged in. / naming: The sheet lists “Left GIP-BG” twice (zones 6 and 8); zone 8 is probably Right GIP-BG.,https://wisconsincreative.com/board-sizes?v=field-house#field-house/table/left-gip-fg
field-house/table/left-gip-bg,zone,Field House,Table,Left GIP-BG,BG,346,96,3.6:1,,,,,,,,,naming: Zone names and folder structure will change when the table is plugged in. / naming: The sheet lists “Left GIP-BG” twice (zones 6 and 8); zone 8 is probably Right GIP-BG.,https://wisconsincreative.com/board-sizes?v=field-house#field-house/table/left-gip-bg
field-house/table/right-gip-fg,zone,Field House,Table,Right GIP-FG,FG,346,96,3.6:1,,,,,,,,,naming: Zone names and folder structure will change when the table is plugged in. / naming: The sheet lists “Left GIP-BG” twice (zones 6 and 8); zone 8 is probably Right GIP-BG.,https://wisconsincreative.com/board-sizes?v=field-house#field-house/table/right-gip-fg
field-house/table/left-gip-bg-8,zone,Field House,Table,Left GIP-BG,BG,346,96,3.6:1,,,,,,,,,naming: Zone names and folder structure will change when the table is plugged in. / naming: The sheet lists “Left GIP-BG” twice (zones 6 and 8); zone 8 is probably Right GIP-BG.,https://wisconsincreative.com/board-sizes?v=field-house#field-house/table/left-gip-bg-8
labahn/main,display,LaBahn Arena,Main,,,448,256,7:4,"0,0",59.94,,,,,,LB_MAIN,,https://wisconsincreative.com/board-sizes?v=labahn#labahn/main
goodman/main,display,Goodman Diamond,Main,,,560,308,20:11,"0,0",,,,,,,,unconfirmed: Only in Colosseum’s list; the Board Info sheet’s Goodman tab is empty. Confirm before final delivery.,https://wisconsincreative.com/board-sizes?v=goodman#goodman/main
